stu_id,female,eth_A,eth_B,eth_C,eth_D,p_ed_hs,p_ed_som_col,p_ed_assc,p_ed_bach,p_ed_mast,std_lunch,test_prep,math_score,reading_score,writing_score,avg_score
0,1,0,1,0,0,0,0,0,1,0,1,0,72,72,74,72.67
1,1,0,0,1,0,0,1,0,0,0,1,1,69,90,88,82.33
2,1,0,1,0,0,0,0,0,0,1,1,0,90,95,93,92.67
3,0,1,0,0,0,0,0,1,0,0,0,0,47,57,44,49.33
4,0,0,0,1,0,0,1,0,0,0,1,0,76,78,75,76.33
5,1,0,1,0,0,0,0,1,0,0,1,0,71,83,78,77.33
6,1,0,1,0,0,0,1,0,0,0,1,1,88,95,92,91.67
7,0,0,1,0,0,0,1,0,0,0,0,0,40,43,39,40.67
8,0,0,0,0,1,1,0,0,0,0,0,1,64,64,67,65.0
9,1,0,1,0,0,1,0,0,0,0,0,0,38,60,50,49.33
10,0,0,0,1,0,0,0,1,0,0,1,0,58,54,52,54.67
11,0,0,0,0,1,0,0,1,0,0,1,0,40,52,43,45.0
12,1,0,1,0,0,1,0,0,0,0,1,0,65,81,73,73.0
13,0,1,0,0,0,0,1,0,0,0,1,1,78,72,70,73.33
14,1,1,0,0,0,0,0,0,0,1,1,0,50,53,58,53.67
15,1,0,0,1,0,0,0,0,0,0,1,0,69,75,78,74.0
16,0,0,0,1,0,1,0,0,0,0,1,0,88,89,86,87.67
17,1,0,1,0,0,0,0,0,0,0,0,0,18,32,28,26.0
18,0,0,0,1,0,0,0,0,0,1,0,1,46,42,46,44.67
19,1,0,0,1,0,0,0,1,0,0,0,0,54,58,61,57.67
20,0,0,0,0,1,1,0,0,0,0,1,0,66,69,63,66.0
21,1,0,1,0,0,0,1,0,0,0,0,1,65,75,70,70.0
22,0,0,0,0,1,0,1,0,0,0,1,0,44,54,53,50.33
23,1,0,0,1,0,0,0,0,0,0,1,0,69,73,73,71.67
24,0,0,0,0,1,0,0,0,1,0,0,1,74,71,80,75.0
25,0,1,0,0,0,0,0,0,0,1,0,0,73,74,72,73.0
26,0,0,1,0,0,0,1,0,0,0,1,0,69,54,55,59.33
27,1,0,0,1,0,0,0,0,1,0,1,0,67,69,75,70.33
28,0,0,0,1,0,1,0,0,0,0,1,0,70,70,65,68.33
29,1,0,0,0,1,0,0,0,0,1,1,0,62,70,75,69.0
30,1,0,0,0,1,0,1,0,0,0,1,0,69,74,74,72.33
31,1,0,1,0,0,0,1,0,0,0,1,0,63,65,61,63.0
32,1,0,0,0,0,0,0,0,0,1,0,0,56,72,65,64.33
33,0,0,0,0,1,0,1,0,0,0,1,0,40,42,38,40.0
34,0,0,0,0,0,0,1,0,0,0,1,0,97,87,82,88.67
35,0,0,0,0,0,0,0,1,0,0,1,1,81,81,79,80.33
36,1,0,0,0,1,0,0,1,0,0,1,0,74,81,83,79.33
37,1,0,0,0,1,0,0,0,0,0,0,0,50,64,59,57.67
38,1,0,0,0,1,0,0,1,0,0,0,1,75,90,88,84.33
39,0,0,1,0,0,0,0,1,0,0,0,0,57,56,57,56.67
40,0,0,0,1,0,0,0,1,0,0,0,0,55,61,54,56.67
41,1,0,0,1,0,0,0,1,0,0,1,0,58,73,68,66.33
42,1,0,1,0,0,0,0,1,0,0,1,0,53,58,65,58.67
43,0,0,1,0,0,0,1,0,0,0,0,1,59,65,66,63.33
44,1,0,0,0,0,0,0,1,0,0,0,0,50,56,54,53.33
45,0,0,1,0,0,0,0,1,0,0,1,0,65,54,57,58.67
46,1,1,0,0,0,0,0,1,0,0,1,1,55,65,62,60.67
47,1,0,0,1,0,1,0,0,0,0,1,0,66,71,76,71.0
48,1,0,0,0,1,0,0,1,0,0,0,1,57,74,76,69.0
49,0,0,0,1,0,1,0,0,0,0,1,1,82,84,82,82.67
50,0,0,0,0,0,0,1,0,0,0,1,0,53,55,48,52.0
51,0,0,0,0,0,0,0,1,0,0,0,1,77,69,68,71.33
52,0,0,0,1,0,0,1,0,0,0,1,0,53,44,42,46.33
53,0,0,0,0,1,1,0,0,0,0,1,0,88,78,75,80.33
54,1,0,0,1,0,0,0,0,0,0,0,1,71,84,87,80.67
55,1,0,0,1,0,1,0,0,0,0,0,0,33,41,43,39.0
56,1,0,0,0,0,0,0,1,0,0,1,1,82,85,86,84.33
57,0,0,0,0,1,0,0,1,0,0,1,0,52,55,49,52.0
58,0,0,0,0,1,0,1,0,0,0,1,1,58,59,58,58.33
59,1,0,0,1,0,0,0,0,0,0,0,0,0,17,10,9.0
60,0,0,0,0,0,0,0,0,1,0,0,1,79,74,72,75.0
61,0,1,0,0,0,0,0,0,0,0,0,0,39,39,34,37.33
62,0,1,0,0,0,0,0,1,0,0,0,0,62,61,55,59.33
63,1,0,0,1,0,0,0,1,0,0,1,0,69,80,71,73.33
64,1,0,0,0,1,0,0,0,0,0,1,0,59,58,59,58.67
65,0,0,1,0,0,0,0,0,0,0,1,0,67,64,61,64.0
66,0,0,0,0,1,0,0,0,0,0,0,0,45,37,37,39.67
67,1,0,0,1,0,0,1,0,0,0,1,0,60,72,74,68.67
68,0,0,1,0,0,0,0,1,0,0,0,0,61,58,56,58.33
69,1,0,0,1,0,0,0,1,0,0,1,0,39,64,57,53.33
70,1,0,0,0,1,0,1,0,0,0,0,1,58,63,73,64.67
71,0,0,0,0,1,0,1,0,0,0,1,1,63,55,63,60.33
72,1,1,0,0,0,0,0,1,0,0,0,0,41,51,48,46.67
73,0,0,0,1,0,0,0,0,0,0,0,0,61,57,56,58.0
74,0,0,0,1,0,0,0,0,0,0,1,0,49,49,41,46.33
75,0,0,1,0,0,0,0,1,0,0,0,0,44,41,38,41.0
76,0,0,0,0,0,0,0,0,0,0,1,0,30,26,22,26.0
77,0,1,0,0,0,0,0,0,1,0,1,1,80,78,81,79.67
78,1,0,0,0,1,0,0,0,0,0,1,1,61,74,72,69.0
79,1,0,0,0,0,0,0,0,0,1,1,0,62,68,68,66.0
80,1,0,1,0,0,0,0,1,0,0,1,0,47,49,50,48.67
81,0,0,1,0,0,1,0,0,0,0,0,0,49,45,45,46.33
82,0,1,0,0,0,0,1,0,0,0,0,1,50,47,54,50.33
83,0,0,0,0,0,0,0,1,0,0,1,0,72,64,63,66.33
84,0,0,0,0,1,1,0,0,0,0,0,0,42,39,34,38.33
85,1,0,0,1,0,0,1,0,0,0,1,0,73,80,82,78.33
86,1,0,0,1,0,0,1,0,0,0,0,0,76,83,88,82.33
87,1,0,0,0,1,0,0,1,0,0,1,0,71,71,74,72.0
88,1,1,0,0,0,0,1,0,0,0,1,0,58,70,67,65.0
89,1,0,0,0,1,0,0,0,0,0,1,0,73,86,82,80.33
90,1,0,0,1,0,0,0,0,1,0,1,0,65,72,74,70.33
91,0,0,0,1,0,1,0,0,0,0,0,0,27,34,36,32.33
92,0,0,0,1,0,1,0,0,0,0,1,0,71,79,71,73.67
93,0,0,0,1,0,0,0,1,0,0,0,1,43,45,50,46.0
94,1,0,1,0,0,0,1,0,0,0,1,0,79,86,92,85.67
95,0,0,0,1,0,0,0,1,0,0,0,1,78,81,82,80.33
96,0,0,1,0,0,0,0,0,0,0,1,1,65,66,62,64.33
97,1,0,0,0,0,0,1,0,0,0,1,1,63,72,70,68.33
98,1,0,0,0,1,0,1,0,0,0,0,0,58,67,62,62.33
99,1,0,0,0,1,0,0,0,1,0,1,0,65,67,62,64.67
100,0,0,1,0,0,0,1,0,0,0,1,0,79,67,67,71.0
101,0,0,0,0,1,0,0,0,1,0,1,1,68,74,74,72.0
102,1,0,0,0,1,0,0,1,0,0,1,0,85,91,89,88.33
103,0,0,1,0,0,1,0,0,0,0,1,1,60,44,47,50.33
104,0,0,0,1,0,0,1,0,0,0,1,1,98,86,90,91.33
105,1,0,0,1,0,0,1,0,0,0,1,0,58,67,72,65.67
106,1,0,0,0,1,0,0,0,0,1,1,0,87,100,100,95.67
107,0,0,0,0,0,0,0,1,0,0,1,1,66,63,64,64.33
108,1,0,1,0,0,0,0,1,0,0,0,0,52,76,70,66.0
109,1,0,1,0,0,0,0,0,0,0,1,0,70,64,72,68.67
110,1,0,0,0,1,0,0,1,0,0,0,1,77,89,98,88.0
111,0,0,0,1,0,1,0,0,0,0,1,0,62,55,49,55.33
112,0,1,0,0,0,0,0,1,0,0,1,0,54,53,47,51.33
113,1,0,0,0,1,0,1,0,0,0,1,0,51,58,54,54.33
114,1,0,0,0,0,0,0,0,1,0,1,1,99,100,100,99.67
115,0,0,0,1,0,1,0,0,0,0,1,0,84,77,74,78.33
116,1,0,1,0,0,0,0,0,1,0,0,0,75,85,82,80.67
117,1,0,0,0,1,0,0,0,1,0,1,0,78,82,79,79.67
118,1,0,0,0,1,0,0,0,0,0,1,0,51,63,61,58.33
119,1,0,0,1,0,0,1,0,0,0,1,0,55,69,65,63.0
120,1,0,0,1,0,0,0,0,1,0,1,1,79,92,89,86.67
121,0,0,1,0,0,0,0,1,0,0,1,1,91,89,92,90.67
122,1,0,0,1,0,0,1,0,0,0,1,1,88,93,93,91.33
123,0,0,0,0,1,1,0,0,0,0,0,0,63,57,56,58.67
124,0,0,0,0,0,0,1,0,0,0,1,0,83,80,73,78.67
125,1,0,1,0,0,1,0,0,0,0,1,0,87,95,86,89.33
126,0,0,1,0,0,0,0,0,0,0,1,0,72,68,67,69.0
127,0,0,0,0,1,0,1,0,0,0,1,1,65,77,74,72.0
128,0,0,0,0,1,0,0,0,0,1,1,0,82,82,74,79.33
129,1,1,0,0,0,0,0,0,1,0,1,0,51,49,51,50.33
130,0,0,0,0,1,0,0,0,0,1,1,0,89,84,82,85.0
131,0,0,0,1,0,0,0,0,0,0,0,1,53,37,40,43.33
132,0,0,0,0,0,0,1,0,0,0,0,1,87,74,70,77.0
133,1,0,0,1,0,0,1,0,0,0,1,1,75,81,84,80.0
134,0,0,0,0,1,0,0,0,1,0,0,1,74,79,75,76.0
135,0,0,0,1,0,0,0,0,1,0,1,0,58,55,48,53.67
136,0,0,1,0,0,0,0,0,0,0,1,1,51,54,41,48.67
137,0,0,0,0,0,1,0,0,0,0,1,0,70,55,56,60.33
138,1,0,0,1,0,0,0,1,0,0,1,0,59,66,67,64.0
139,0,0,0,0,1,0,1,0,0,0,1,1,71,61,69,67.0
140,1,0,0,0,1,0,0,0,0,0,1,0,76,72,71,73.0
141,1,0,0,1,0,0,1,0,0,0,0,0,59,62,64,61.67
142,1,0,0,0,0,0,1,0,0,0,0,1,42,55,54,50.33
143,0,1,0,0,0,1,0,0,0,0,1,0,57,43,47,49.0
144,0,0,0,0,1,0,1,0,0,0,1,0,88,73,78,79.67
145,1,0,0,1,0,0,1,0,0,0,0,0,22,39,33,31.33
146,0,0,1,0,0,0,0,0,0,0,1,0,88,84,75,82.33
147,0,0,0,1,0,0,0,1,0,0,0,0,73,68,66,69.0
148,1,0,0,0,1,0,0,0,1,0,1,1,68,75,81,74.67
149,0,0,0,0,0,0,0,1,0,0,0,1,100,100,93,97.67
150,0,1,0,0,0,0,0,0,0,0,1,1,62,67,69,66.0
151,0,1,0,0,0,0,0,0,1,0,1,0,77,67,68,70.67
152,1,0,1,0,0,0,0,1,0,0,1,1,59,70,66,65.0
153,0,0,0,0,1,0,0,0,1,0,1,0,54,49,47,50.0
154,0,0,0,0,1,0,0,0,0,0,1,0,62,67,61,63.33
155,1,0,0,1,0,0,1,0,0,0,1,1,70,89,88,82.33
156,1,0,0,0,0,1,0,0,0,0,0,1,66,74,78,72.67
157,0,0,1,0,0,0,1,0,0,0,0,0,60,60,60,60.0
158,1,0,1,0,0,0,0,1,0,0,1,1,61,86,87,78.0
159,0,0,0,0,1,0,0,1,0,0,0,0,66,62,64,64.0
160,0,0,1,0,0,0,0,1,0,0,0,1,82,78,74,78.0
161,1,0,0,0,0,0,1,0,0,0,0,1,75,88,85,82.67
162,0,0,1,0,0,0,0,0,0,1,0,0,49,53,52,51.33
163,0,0,0,1,0,1,0,0,0,0,1,0,52,53,49,51.33
164,1,0,0,0,0,0,0,0,0,1,1,0,81,92,91,88.0
165,1,0,0,1,0,0,0,0,1,0,1,1,96,100,100,98.67
166,0,0,0,1,0,1,0,0,0,0,0,1,53,51,51,51.67
167,1,0,1,0,0,0,0,0,0,1,0,1,58,76,78,70.67
168,1,0,1,0,0,1,0,0,0,0,1,1,68,83,78,76.33
169,1,0,0,1,0,0,1,0,0,0,0,1,67,75,70,70.67
170,0,1,0,0,0,1,0,0,0,0,1,1,72,73,74,73.0
171,0,0,0,0,0,0,0,0,0,0,1,0,94,88,78,86.67
172,1,0,0,0,1,0,1,0,0,0,1,0,79,86,81,82.0
173,1,0,0,1,0,0,0,1,0,0,1,0,63,67,70,66.67
174,1,0,0,1,0,0,0,0,1,0,0,1,43,51,54,49.33
175,1,0,0,1,0,0,0,0,0,1,1,1,81,91,87,86.33
176,1,0,1,0,0,1,0,0,0,0,0,1,46,54,58,52.67
177,1,0,0,1,0,0,0,1,0,0,1,1,71,77,77,75.0
178,1,0,1,0,0,0,0,0,0,1,0,1,52,70,62,61.33
179,1,0,0,0,1,0,0,0,0,0,1,1,97,100,100,99.0
180,0,0,0,1,0,0,0,0,0,1,0,1,62,68,75,68.33
181,1,0,0,1,0,0,1,0,0,0,0,0,46,64,66,58.67
182,1,0,0,0,0,1,0,0,0,0,1,0,50,50,47,49.0
183,1,0,0,0,1,0,0,1,0,0,1,0,65,69,70,68.0
184,0,0,0,1,0,0,0,0,0,0,0,1,45,52,49,48.67
185,0,0,0,1,0,0,0,1,0,0,0,1,65,67,65,65.67
186,0,0,0,0,0,1,0,0,0,0,1,0,80,76,65,73.67
187,0,0,0,0,1,0,0,0,0,0,1,1,62,66,68,65.33
188,0,0,1,0,0,0,0,0,0,0,0,0,48,52,45,48.33
189,1,0,0,1,0,0,0,0,1,0,1,0,77,88,87,84.0
190,1,0,0,0,0,0,0,1,0,0,1,0,66,65,69,66.67
191,0,0,0,0,1,0,1,0,0,0,1,1,76,83,79,79.33
192,1,0,1,0,0,0,0,0,0,0,1,0,62,64,66,64.0
193,0,0,0,0,1,0,1,0,0,0,1,1,77,62,62,67.0
194,1,0,0,1,0,0,0,0,0,1,1,1,69,84,85,79.33
195,0,0,0,0,1,0,0,1,0,0,1,0,61,55,52,56.0
196,0,0,0,1,0,0,0,0,0,0,0,1,59,69,65,64.33
197,0,0,0,0,0,1,0,0,0,0,0,0,55,56,51,54.0
198,1,0,1,0,0,0,1,0,0,0,0,0,45,53,55,51.0
199,1,0,1,0,0,0,0,0,1,0,0,0,78,79,76,77.67
200,1,0,0,1,0,0,0,1,0,0,1,1,67,84,86,79.0
201,1,0,0,0,1,0,1,0,0,0,0,0,65,81,77,74.33
202,0,0,0,1,0,0,0,1,0,0,1,0,69,77,69,71.67
203,1,0,1,0,0,0,0,1,0,0,1,0,57,69,68,64.67
204,0,0,0,1,0,0,1,0,0,0,1,0,59,41,42,47.33
205,0,0,0,0,1,0,0,0,0,0,1,1,74,71,78,74.33
206,0,0,0,0,0,0,0,0,1,0,1,0,82,62,62,68.67
207,0,0,0,0,0,1,0,0,0,0,1,1,81,80,76,79.0
208,1,0,1,0,0,0,1,0,0,0,0,0,74,81,76,77.0
209,1,0,1,0,0,0,1,0,0,0,0,0,58,61,66,61.67
210,0,0,0,0,1,0,0,0,0,0,0,1,80,79,79,79.33
211,0,0,0,1,0,0,1,0,0,0,0,0,35,28,27,30.0
212,1,0,0,1,0,1,0,0,0,0,0,0,42,62,60,54.67
213,0,0,0,1,0,0,0,1,0,0,0,1,60,51,56,55.67
214,0,0,0,0,0,1,0,0,0,0,1,1,87,91,81,86.33
215,0,0,1,0,0,0,0,0,0,0,1,1,84,83,75,80.67
216,1,0,0,0,0,0,0,1,0,0,0,1,83,86,88,85.67
217,1,0,0,1,0,1,0,0,0,0,0,0,34,42,39,38.33
218,0,0,1,0,0,1,0,0,0,0,0,0,66,77,70,71.0
219,0,0,1,0,0,0,0,0,0,0,1,1,61,56,56,57.67
220,1,0,0,0,1,1,0,0,0,0,1,1,56,68,74,66.0
221,0,0,1,0,0,0,0,1,0,0,1,0,87,85,73,81.67
222,1,0,0,1,0,0,0,0,0,0,0,0,55,65,62,60.67
223,0,0,0,0,1,0,0,0,0,0,1,0,86,80,75,80.33
224,1,0,1,0,0,0,0,1,0,0,1,1,52,66,73,63.67
225,1,0,0,0,0,0,0,0,0,1,0,0,45,56,54,51.67
226,1,0,0,1,0,0,1,0,0,0,1,0,72,72,71,71.67
227,0,0,0,0,1,1,0,0,0,0,1,0,57,50,54,53.67
228,0,1,0,0,0,0,0,0,0,0,0,0,68,72,64,68.0
229,1,0,0,1,0,0,1,0,0,0,1,1,88,95,94,92.33
230,0,0,0,0,1,0,1,0,0,0,1,0,76,64,66,68.67
231,0,0,0,1,0,0,0,1,0,0,1,0,46,43,42,43.67
232,1,0,1,0,0,0,0,0,1,0,1,0,67,86,83,78.67
233,0,0,0,0,0,0,0,0,0,0,1,0,92,87,78,85.67
234,0,0,0,1,0,0,0,0,1,0,1,1,83,82,84,83.0
235,0,0,0,0,1,0,0,1,0,0,1,0,80,75,77,77.33
236,0,0,0,0,1,0,0,0,1,0,0,0,63,66,67,65.33
237,1,0,0,0,1,0,0,0,0,0,1,1,64,60,74,66.0
238,0,0,1,0,0,0,1,0,0,0,1,0,54,52,51,52.33
239,0,0,0,1,0,0,0,1,0,0,1,0,84,80,80,81.33
240,0,0,0,0,1,1,0,0,0,0,0,1,73,68,66,69.0
241,1,0,0,0,0,0,0,0,1,0,1,0,80,83,83,82.0
242,1,0,0,0,1,1,0,0,0,0,1,0,56,52,55,54.33
243,0,0,0,0,0,0,1,0,0,0,1,0,59,51,43,51.0
244,0,0,0,0,1,0,0,0,0,0,1,0,75,74,69,72.67
245,0,0,0,1,0,0,0,1,0,0,1,0,85,76,71,77.33
246,0,0,0,0,0,0,0,1,0,0,1,0,89,76,74,79.67
247,1,0,1,0,0,1,0,0,0,0,1,1,58,70,68,65.33
248,1,0,1,0,0,1,0,0,0,0,1,0,65,64,62,63.67
249,0,0,0,1,0,1,0,0,0,0,1,0,68,60,53,60.33
250,0,1,0,0,0,0,0,0,0,0,1,1,47,49,49,48.33
251,1,0,0,0,1,0,1,0,0,0,0,0,71,83,83,79.0
252,1,0,1,0,0,0,0,0,0,0,1,1,60,70,70,66.67
253,0,0,0,0,1,0,0,0,0,1,1,0,80,80,72,77.33
254,0,0,0,0,1,1,0,0,0,0,1,0,54,52,52,52.67
255,1,0,0,0,0,0,1,0,0,0,1,0,62,73,70,68.33
256,1,0,0,1,0,0,0,1,0,0,0,0,64,73,68,68.33
257,0,0,0,1,0,0,0,1,0,0,1,1,78,77,77,77.33
258,1,0,1,0,0,0,1,0,0,0,1,0,70,75,78,74.33
259,1,0,0,1,0,0,0,0,0,1,0,1,65,81,81,75.67
260,1,0,0,1,0,0,0,0,0,0,0,1,64,79,77,73.33
261,0,0,0,1,0,0,1,0,0,0,1,1,79,79,78,78.67
262,1,0,0,1,0,0,0,0,0,0,0,0,44,50,51,48.33
263,1,0,0,0,0,1,0,0,0,0,1,0,99,93,90,94.0
264,0,0,0,0,1,1,0,0,0,0,1,0,76,73,68,72.33
265,0,0,0,0,1,0,0,0,0,0,0,0,59,42,41,47.33
266,1,0,0,1,0,0,0,0,1,0,1,0,63,75,81,73.0
267,1,0,0,0,1,1,0,0,0,0,1,0,69,72,77,72.67
268,1,0,0,0,1,0,0,1,0,0,1,1,88,92,95,91.67
269,1,0,0,0,0,0,1,0,0,0,0,0,71,76,70,72.33
270,0,0,0,1,0,0,0,0,1,0,1,0,69,63,61,64.33
271,0,0,0,1,0,0,1,0,0,0,1,0,58,49,42,49.67
272,1,0,0,0,1,0,0,1,0,0,0,0,47,53,58,52.67
273,1,0,0,0,1,0,1,0,0,0,1,0,65,70,71,68.67
274,0,0,1,0,0,0,1,0,0,0,1,1,88,85,76,83.0
275,0,0,0,1,0,0,0,0,1,0,1,0,83,78,73,78.0
276,1,0,0,1,0,0,0,0,0,0,1,1,85,92,93,90.0
277,1,0,0,0,0,1,0,0,0,0,1,1,59,63,75,65.67
278,1,0,0,1,0,0,0,0,0,0,0,0,65,86,80,77.0
279,0,0,1,0,0,0,0,0,1,0,0,0,73,56,57,62.0
280,0,0,0,0,1,1,0,0,0,0,1,0,53,52,42,49.0
281,0,0,0,0,1,1,0,0,0,0,1,0,45,48,46,46.33
282,1,0,0,0,1,0,0,0,1,0,0,0,73,79,84,78.67
283,1,0,0,0,1,0,1,0,0,0,0,1,70,78,78,75.33
284,1,0,1,0,0,0,0,0,0,0,1,0,37,46,46,43.0
285,0,0,1,0,0,0,0,1,0,0,1,1,81,82,82,81.67
286,0,0,0,0,0,0,0,1,0,0,1,1,97,82,88,89.0
287,1,0,1,0,0,0,0,0,0,0,1,0,67,89,82,79.33
288,0,0,1,0,0,0,0,0,1,0,0,0,88,75,76,79.67
289,0,0,0,0,0,0,0,0,0,0,1,1,77,76,77,76.67
290,0,0,0,1,0,0,0,1,0,0,1,0,76,70,68,71.33
291,0,0,0,0,1,0,0,0,0,0,1,0,86,73,70,76.33
292,0,0,0,1,0,0,0,0,0,0,1,1,63,60,57,60.0
293,1,0,0,0,0,0,0,0,1,0,1,0,65,73,75,71.0
294,0,0,0,0,1,1,0,0,0,0,0,1,78,77,80,78.33
295,0,0,1,0,0,0,0,1,0,0,0,0,67,62,60,63.0
296,0,1,0,0,0,0,0,0,0,0,1,1,46,41,43,43.33
297,0,0,0,0,0,0,0,1,0,0,1,1,71,74,68,71.0
298,0,0,0,1,0,1,0,0,0,0,0,1,40,46,50,45.33
299,0,0,0,0,1,0,0,1,0,0,0,0,90,87,75,84.0
300,0,1,0,0,0,0,1,0,0,0,0,1,81,78,81,80.0
301,0,0,0,0,1,0,0,0,0,0,0,0,56,54,52,54.0
302,1,0,0,1,0,0,0,1,0,0,1,1,67,84,81,77.33
303,0,0,1,0,0,0,0,1,0,0,1,0,80,76,64,73.33
304,1,0,0,1,0,0,0,1,0,0,1,1,74,75,83,77.33
305,0,1,0,0,0,0,1,0,0,0,1,0,69,67,69,68.33
306,0,0,0,0,0,0,1,0,0,0,1,1,99,87,81,89.0
307,0,0,0,1,0,0,0,0,0,0,1,0,51,52,44,49.0
308,1,0,1,0,0,0,0,1,0,0,0,0,53,71,67,63.67
309,1,0,0,0,1,1,0,0,0,0,0,0,49,57,52,52.67
310,1,0,1,0,0,0,0,1,0,0,1,0,73,76,80,76.33
311,0,0,1,0,0,0,0,0,1,0,1,0,66,60,57,61.0
312,0,0,0,0,1,0,0,0,1,0,1,1,67,61,68,65.33
313,1,0,0,1,0,0,0,1,0,0,0,1,68,67,69,68.0
314,1,0,0,1,0,0,0,0,1,0,1,1,59,64,75,66.0
315,0,0,0,1,0,1,0,0,0,0,1,0,71,66,65,67.33
316,1,0,0,0,1,0,0,0,0,1,1,1,77,82,91,83.33
317,0,0,0,1,0,0,0,1,0,0,1,0,83,72,78,77.67
318,0,0,1,0,0,0,0,0,1,0,1,0,63,71,69,67.67
319,1,0,0,0,1,0,0,1,0,0,0,0,56,65,63,61.33
320,1,0,0,1,0,1,0,0,0,0,0,1,67,79,84,76.67
321,1,0,0,0,0,1,0,0,0,0,1,0,75,86,79,80.0
322,1,0,0,1,0,0,1,0,0,0,1,0,71,81,80,77.33
323,1,0,0,1,0,0,0,0,0,0,0,0,43,53,53,49.67
324,1,0,0,1,0,1,0,0,0,0,0,0,41,46,43,43.33
325,1,0,0,1,0,0,1,0,0,0,1,0,82,90,94,88.67
326,0,0,0,1,0,0,1,0,0,0,1,0,61,61,62,61.33
327,0,1,0,0,0,0,1,0,0,0,0,0,28,23,19,23.33
328,0,0,0,1,0,0,0,1,0,0,1,1,82,75,77,78.0
329,1,0,1,0,0,0,0,0,0,0,1,0,41,55,51,49.0
330,0,0,0,1,0,1,0,0,0,0,1,0,71,60,61,64.0
331,0,0,0,1,0,0,0,1,0,0,1,0,47,37,35,39.67
332,0,0,0,0,0,0,0,1,0,0,1,1,62,56,53,57.0
333,0,0,1,0,0,0,0,1,0,0,1,0,90,78,81,83.0
334,1,0,0,1,0,0,0,0,1,0,1,0,83,93,95,90.33
335,1,0,1,0,0,0,1,0,0,0,0,0,61,68,66,65.0
336,0,0,0,0,1,0,0,0,0,0,1,1,76,70,69,71.67
337,0,0,0,1,0,0,0,1,0,0,1,0,49,51,43,47.67
338,1,0,1,0,0,0,0,0,0,0,0,0,24,38,27,29.67
339,1,0,0,0,1,0,0,0,0,0,0,1,35,55,60,50.0
340,0,0,0,1,0,1,0,0,0,0,0,0,58,61,52,57.0
341,1,0,0,1,0,1,0,0,0,0,1,0,61,73,63,65.67
342,1,0,1,0,0,1,0,0,0,0,1,1,69,76,74,73.0
343,0,0,0,0,1,0,0,1,0,0,1,1,67,72,67,68.67
344,0,0,0,0,1,0,1,0,0,0,1,0,79,73,67,73.0
345,1,0,0,1,0,1,0,0,0,0,1,0,72,80,75,75.67
346,0,0,1,0,0,0,1,0,0,0,1,0,62,61,57,60.0
347,1,0,0,1,0,0,0,0,1,0,1,1,77,94,95,88.67
348,0,0,0,0,1,1,0,0,0,0,0,0,75,74,66,71.67
349,0,0,0,0,0,0,0,1,0,0,1,0,87,74,76,79.0
350,1,0,1,0,0,0,0,0,1,0,1,0,52,65,69,62.0
351,0,0,0,0,0,0,1,0,0,0,1,0,66,57,52,58.33
352,1,0,0,1,0,0,1,0,0,0,1,1,63,78,80,73.67
353,1,0,0,1,0,0,0,1,0,0,1,0,46,58,57,53.67
354,1,0,0,1,0,0,1,0,0,0,1,0,59,71,70,66.67
355,1,0,1,0,0,0,0,0,1,0,1,0,61,72,70,67.67
356,0,1,0,0,0,0,0,1,0,0,1,0,63,61,61,61.67
357,1,0,0,1,0,0,1,0,0,0,0,1,42,66,69,59.0
358,0,0,0,0,1,0,1,0,0,0,0,0,59,62,61,60.67
359,1,0,0,0,1,0,1,0,0,0,1,0,80,90,89,86.33
360,1,0,1,0,0,1,0,0,0,0,1,0,58,62,59,59.67
361,0,0,1,0,0,0,0,0,0,0,1,1,85,84,78,82.33
362,1,0,0,1,0,0,1,0,0,0,1,0,52,58,58,56.0
363,1,0,0,0,1,0,0,0,0,0,0,0,27,34,32,31.0
364,0,0,0,1,0,0,1,0,0,0,1,0,59,60,58,59.0
365,0,1,0,0,0,0,0,0,1,0,0,1,49,58,60,55.67
366,0,0,0,1,0,1,0,0,0,0,1,1,69,58,53,60.0
367,0,0,0,1,0,0,0,0,1,0,0,0,61,66,61,62.67
368,1,1,0,0,0,0,0,0,0,0,0,0,44,64,58,55.33
369,1,0,0,0,1,0,0,0,0,0,1,0,73,84,85,80.67
370,0,0,0,0,0,0,1,0,0,0,1,0,84,77,71,77.33
371,1,0,0,1,0,0,1,0,0,0,0,1,45,73,70,62.67
372,0,0,0,0,1,0,0,0,0,0,1,0,74,74,72,73.33
373,1,0,0,0,1,0,1,0,0,0,1,1,82,97,96,91.67
374,1,0,0,0,1,0,0,0,1,0,1,0,59,70,73,67.33
375,0,0,0,0,0,0,0,1,0,0,0,0,46,43,41,43.33
376,1,0,0,0,1,0,0,0,0,0,1,0,80,90,82,84.0
377,1,0,0,0,1,0,0,0,0,1,0,1,85,95,100,93.33
378,1,1,0,0,0,0,0,0,0,0,1,0,71,83,77,77.0
379,0,1,0,0,0,0,0,0,1,0,1,0,66,64,62,64.0
380,1,0,1,0,0,0,0,1,0,0,1,0,80,86,83,83.0
381,0,0,0,1,0,0,0,1,0,0,1,1,87,100,95,94.0
382,0,0,0,1,0,0,0,0,0,1,0,0,79,81,71,77.0
383,1,0,0,0,0,0,0,0,0,0,0,0,38,49,45,44.0
384,1,1,0,0,0,0,0,0,0,0,0,0,38,43,43,41.33
385,1,0,0,0,0,0,1,0,0,0,1,0,67,76,75,72.67
386,1,0,0,0,0,0,0,0,1,0,1,0,64,73,70,69.0
387,1,0,0,1,0,0,0,1,0,0,0,0,57,78,67,67.33
388,1,0,0,0,1,1,0,0,0,0,1,0,62,64,64,63.33
389,0,0,0,0,1,0,0,0,0,1,1,0,73,70,75,72.67
390,0,0,0,0,0,0,0,0,0,0,0,1,73,67,59,66.33
391,1,0,0,0,1,0,1,0,0,0,1,0,77,68,77,74.0
392,0,0,0,0,0,0,1,0,0,0,1,0,76,67,67,70.0
393,0,0,0,1,0,0,0,1,0,0,1,1,57,54,56,55.67
394,1,0,0,1,0,0,0,0,0,0,1,1,65,74,77,72.0
395,0,1,0,0,0,1,0,0,0,0,0,0,48,45,41,44.67
396,1,0,1,0,0,1,0,0,0,0,0,0,50,67,63,60.0
397,1,0,0,1,0,0,0,1,0,0,1,0,85,89,95,89.67
398,0,0,1,0,0,0,0,0,0,0,1,0,74,63,57,64.67
399,0,0,0,0,1,0,0,0,0,0,1,0,60,59,54,57.67
400,1,0,0,1,0,0,0,0,0,0,1,1,59,54,67,60.0
401,0,1,0,0,0,0,1,0,0,0,1,0,53,43,43,46.33
402,1,1,0,0,0,0,1,0,0,0,0,0,49,65,55,56.33
403,1,0,0,0,1,1,0,0,0,0,1,1,88,99,100,95.67
404,1,0,0,1,0,1,0,0,0,0,1,0,54,59,62,58.33
405,1,0,0,1,0,0,0,0,0,0,1,0,63,73,68,68.0
406,0,0,1,0,0,0,0,1,0,0,1,1,65,65,63,64.33
407,1,0,1,0,0,0,0,1,0,0,1,0,82,80,77,79.67
408,1,0,0,0,1,1,0,0,0,0,0,1,52,57,56,55.0
409,0,0,0,0,1,0,0,1,0,0,1,1,87,84,85,85.33
410,1,0,0,0,1,0,0,0,0,1,1,1,70,71,74,71.67
411,0,0,0,0,0,0,1,0,0,0,1,1,84,83,78,81.67
412,0,0,0,0,1,0,0,1,0,0,1,0,71,66,60,65.67
413,0,0,1,0,0,0,0,0,0,0,1,1,63,67,67,65.67
414,1,0,0,1,0,0,0,0,1,0,0,1,51,72,79,67.33
415,0,0,0,0,0,1,0,0,0,0,1,0,84,73,69,75.33
416,0,0,0,1,0,0,0,0,1,0,1,1,71,74,68,71.0
417,0,0,0,1,0,0,0,1,0,0,1,0,74,73,67,71.33
418,0,0,0,0,1,0,1,0,0,0,1,0,68,59,62,63.0
419,0,0,0,0,0,1,0,0,0,0,0,1,57,56,54,55.67
420,1,0,0,1,0,0,0,1,0,0,0,1,82,93,93,89.33
421,1,0,0,0,1,1,0,0,0,0,1,1,57,58,64,59.67
422,1,0,0,0,1,0,0,0,0,1,0,1,47,58,67,57.33
423,1,1,0,0,0,0,0,0,0,0,1,1,59,85,80,74.67
424,0,0,1,0,0,0,1,0,0,0,0,0,41,39,34,38.0
425,1,0,0,1,0,0,1,0,0,0,0,0,62,67,62,63.67
426,0,0,0,1,0,0,0,0,1,0,1,0,86,83,86,85.0
427,0,0,0,1,0,0,0,0,0,0,0,0,69,71,65,68.33
428,0,1,0,0,0,0,0,0,0,0,0,0,65,59,53,59.0
429,0,0,0,1,0,0,0,0,0,0,0,0,68,63,54,61.67
430,0,0,0,1,0,0,0,1,0,0,0,0,64,66,59,63.0
431,1,0,0,1,0,1,0,0,0,0,1,0,61,72,70,67.67
432,0,0,0,1,0,1,0,0,0,0,1,0,61,56,55,57.33
433,1,1,0,0,0,0,0,0,0,0,0,0,47,59,50,52.0
434,0,0,0,1,0,0,0,0,0,0,1,0,73,66,66,68.33
435,0,0,0,1,0,0,1,0,0,0,0,1,50,48,53,50.33
436,0,0,0,0,1,0,0,1,0,0,1,0,75,68,64,69.0
437,0,0,0,0,1,0,0,1,0,0,0,0,75,66,73,71.33
438,0,0,0,1,0,1,0,0,0,0,1,0,70,56,51,59.0
439,0,0,0,0,1,0,0,0,0,0,1,1,89,88,82,86.33
440,1,0,0,1,0,0,1,0,0,0,1,1,67,81,79,75.67
441,1,0,0,0,1,1,0,0,0,0,1,0,78,81,80,79.67
442,1,1,0,0,0,0,0,0,0,0,0,0,59,73,69,67.0
443,1,0,1,0,0,0,0,1,0,0,1,0,73,83,76,77.33
444,0,1,0,0,0,0,0,0,0,0,0,0,79,82,73,78.0
445,1,0,0,1,0,0,0,0,0,0,1,1,67,74,77,72.67
446,0,0,0,0,1,0,1,0,0,0,0,0,69,66,60,65.0
447,0,0,0,1,0,1,0,0,0,0,1,1,86,81,80,82.33
448,0,0,1,0,0,1,0,0,0,0,1,0,47,46,42,45.0
449,0,0,1,0,0,0,0,1,0,0,1,0,81,73,72,75.33
450,1,0,0,1,0,0,1,0,0,0,0,1,64,85,85,78.0
451,1,0,0,0,0,0,1,0,0,0,1,0,100,92,97,96.33
452,1,0,0,1,0,0,0,1,0,0,0,0,65,77,74,72.0
453,0,0,0,1,0,0,1,0,0,0,0,0,65,58,49,57.33
454,1,0,0,1,0,0,0,1,0,0,0,0,53,61,62,58.67
455,0,0,0,1,0,0,0,0,1,0,0,0,37,56,47,46.67
456,1,0,0,0,1,0,0,0,1,0,1,0,79,89,89,85.67
457,0,0,0,0,1,0,0,1,0,0,0,0,53,54,48,51.67
458,1,0,0,0,0,0,0,0,1,0,1,0,100,100,100,100.0
459,0,0,1,0,0,1,0,0,0,0,1,1,72,65,68,68.33
460,0,0,0,1,0,0,0,0,1,0,0,0,53,58,55,55.33
461,0,0,1,0,0,0,1,0,0,0,0,0,54,54,45,51.0
462,1,0,0,0,0,0,1,0,0,0,1,0,71,70,76,72.33
463,1,0,0,1,0,0,1,0,0,0,0,0,77,90,91,86.0
464,0,1,0,0,0,0,0,0,1,0,1,1,75,58,62,65.0
465,1,0,0,1,0,0,1,0,0,0,1,0,84,87,91,87.33
466,1,0,0,0,1,0,0,1,0,0,0,0,26,31,38,31.67
467,0,1,0,0,0,1,0,0,0,0,0,1,72,67,65,68.0
468,1,1,0,0,0,1,0,0,0,0,0,1,77,88,85,83.33
469,0,0,0,1,0,0,1,0,0,0,1,0,91,74,76,80.33
470,1,0,0,1,0,0,0,1,0,0,1,1,83,85,90,86.0
471,1,0,0,1,0,1,0,0,0,0,1,0,63,69,74,68.67
472,1,0,0,1,0,0,0,1,0,0,1,1,68,86,84,79.33
473,1,0,0,0,1,0,0,0,0,0,1,0,59,67,61,62.33
474,1,0,1,0,0,0,0,1,0,0,1,1,90,90,91,90.33
475,1,0,0,0,1,0,0,0,1,0,1,1,71,76,83,76.67
476,0,0,0,0,0,0,0,0,1,0,1,1,76,62,66,68.0
477,0,0,0,0,1,0,0,1,0,0,1,0,80,68,72,73.33
478,1,0,0,0,1,0,0,0,0,1,1,0,55,64,70,63.0
479,0,0,0,0,0,0,0,1,0,0,1,0,76,71,67,71.33
480,0,0,1,0,0,1,0,0,0,0,1,1,73,71,68,70.67
481,1,0,0,0,1,0,0,1,0,0,0,0,52,59,56,55.67
482,0,0,0,1,0,0,1,0,0,0,0,0,68,68,61,65.67
483,0,1,0,0,0,1,0,0,0,0,1,0,59,52,46,52.33
484,1,0,1,0,0,0,0,1,0,0,1,0,49,52,54,51.67
485,0,0,0,1,0,1,0,0,0,0,1,0,70,74,71,71.67
486,0,0,0,0,1,0,1,0,0,0,0,0,61,47,56,54.67
487,1,0,0,1,0,0,0,1,0,0,0,0,60,75,74,69.67
488,0,0,1,0,0,0,0,0,0,0,1,1,64,53,57,58.0
489,0,1,0,0,0,0,0,1,0,0,0,1,79,82,82,81.0
490,1,1,0,0,0,0,0,1,0,0,0,0,65,85,76,75.33
491,1,0,0,1,0,0,0,1,0,0,1,0,64,64,70,66.0
492,1,0,0,1,0,0,1,0,0,0,1,0,83,83,90,85.33
493,1,0,0,1,0,0,0,0,1,0,1,0,81,88,90,86.33
494,1,0,1,0,0,1,0,0,0,0,1,0,54,64,68,62.0
495,0,0,0,0,1,1,0,0,0,0,1,1,68,64,66,66.0
496,1,0,0,1,0,0,1,0,0,0,1,0,54,48,52,51.33
497,1,0,0,0,1,0,1,0,0,0,0,1,59,78,76,71.0
498,1,0,1,0,0,0,0,0,0,0,1,0,66,69,68,67.67
499,0,0,0,0,0,0,1,0,0,0,1,0,76,71,72,73.0
500,1,0,0,0,1,0,0,0,0,1,1,0,74,79,82,78.33
501,1,0,1,0,0,0,0,1,0,0,1,1,94,87,92,91.0
502,0,0,0,1,0,0,1,0,0,0,0,0,63,61,54,59.33
503,1,0,0,0,0,0,0,1,0,0,1,1,95,89,92,92.0
504,1,0,0,0,1,0,0,0,0,1,0,0,40,59,54,51.0
505,1,0,1,0,0,0,0,0,0,0,1,0,82,82,80,81.33
506,0,1,0,0,0,1,0,0,0,0,1,0,68,70,66,68.0
507,0,0,1,0,0,0,0,0,1,0,0,0,55,59,54,56.0
508,0,0,0,1,0,0,0,0,0,1,1,0,79,78,77,78.0
509,1,0,0,1,0,0,0,0,1,0,1,0,86,92,87,88.33
510,0,0,0,0,1,0,1,0,0,0,1,0,76,71,73,73.33
511,0,1,0,0,0,0,0,0,0,0,1,0,64,50,43,52.33
512,0,0,0,0,1,0,0,0,0,0,0,0,62,49,52,54.33
513,1,0,1,0,0,0,0,0,0,0,1,1,54,61,62,59.0
514,1,0,1,0,0,0,0,0,0,1,0,1,77,97,94,89.33
515,1,0,0,1,0,0,0,0,0,0,1,1,76,87,85,82.67
516,1,0,0,0,1,0,1,0,0,0,1,0,74,89,84,82.33
517,1,0,0,0,0,0,1,0,0,0,1,1,66,74,73,71.0
518,1,0,0,0,1,0,0,0,0,0,1,1,66,78,78,74.0
519,1,0,1,0,0,1,0,0,0,0,0,1,67,78,79,74.67
520,0,0,0,0,1,0,1,0,0,0,1,0,71,49,52,57.33
521,1,0,0,1,0,0,0,1,0,0,1,0,91,86,84,87.0
522,0,0,0,0,1,0,0,0,1,0,1,0,69,58,57,61.33
523,0,0,0,1,0,0,0,0,0,1,0,0,54,59,50,54.33
524,0,0,0,1,0,1,0,0,0,0,1,1,53,52,49,51.33
525,0,0,0,0,0,0,1,0,0,0,1,0,68,60,59,62.33
526,0,0,0,1,0,0,0,0,0,0,0,1,56,61,60,59.0
527,1,0,0,1,0,1,0,0,0,0,0,0,36,53,43,44.0
528,1,0,0,0,1,0,0,0,1,0,0,0,29,41,47,39.0
529,1,0,0,1,0,0,0,1,0,0,1,0,62,74,70,68.67
530,1,0,0,1,0,0,0,1,0,0,1,1,68,67,73,69.33
531,1,0,0,1,0,0,0,0,0,0,1,0,47,54,53,51.33
532,0,0,0,0,0,0,0,1,0,0,1,1,62,61,58,60.33
533,1,0,0,0,0,0,0,1,0,0,1,1,79,88,94,87.0
534,0,0,1,0,0,1,0,0,0,0,1,1,73,69,68,70.0
535,1,0,0,1,0,0,0,0,1,0,0,1,66,83,83,77.33
536,0,0,0,1,0,0,0,1,0,0,1,1,51,60,58,56.33
537,1,0,0,0,1,1,0,0,0,0,1,0,51,66,62,59.67
538,0,0,0,0,0,0,0,0,1,0,1,1,85,66,71,74.0
539,0,1,0,0,0,0,0,1,0,0,1,1,97,92,86,91.67
540,0,0,0,1,0,1,0,0,0,0,1,1,75,69,68,70.67
541,0,0,0,0,1,0,0,1,0,0,0,1,79,82,80,80.33
542,1,0,0,1,0,0,0,1,0,0,1,0,81,77,79,79.0
543,1,0,0,0,1,0,0,1,0,0,1,0,82,95,89,88.67
544,1,0,0,0,1,0,0,0,0,1,1,0,64,63,66,64.33
545,0,0,0,0,0,0,0,0,0,0,0,1,78,83,80,80.33
546,1,1,0,0,0,0,0,0,0,0,1,1,92,100,97,96.33
547,0,0,0,1,0,1,0,0,0,0,1,1,72,67,64,67.67
548,1,0,0,1,0,1,0,0,0,0,0,0,62,67,64,64.33
549,0,0,0,1,0,0,0,0,0,1,1,0,79,72,69,73.33
550,0,0,0,1,0,0,0,0,0,0,0,0,79,76,65,73.33
551,0,0,1,0,0,0,0,0,1,0,0,1,87,90,88,88.33
552,1,0,1,0,0,0,0,1,0,0,1,0,40,48,50,46.0
553,0,0,0,0,1,0,1,0,0,0,0,0,77,62,64,67.67
554,0,0,0,0,0,0,0,1,0,0,1,0,53,45,40,46.0
555,1,0,0,1,0,0,1,0,0,0,0,0,32,39,33,34.67
556,1,0,0,1,0,0,0,1,0,0,1,1,55,72,79,68.67
557,0,0,0,1,0,0,0,0,0,1,0,0,61,67,66,64.67
558,1,0,1,0,0,0,0,1,0,0,0,0,53,70,70,64.33
559,0,0,0,0,1,0,0,0,0,0,1,0,73,66,62,67.0
560,1,0,0,0,1,0,1,0,0,0,1,1,74,75,79,76.0
561,1,0,0,1,0,0,1,0,0,0,1,0,63,74,74,70.33
562,0,0,0,1,0,0,0,0,1,0,1,1,96,90,92,92.67
563,1,0,0,0,1,0,1,0,0,0,0,1,63,80,80,74.33
564,0,0,1,0,0,0,0,0,1,0,0,0,48,51,46,48.33
565,0,0,1,0,0,0,0,1,0,0,1,0,48,43,45,45.33
566,1,0,0,0,0,0,0,0,1,0,0,1,92,100,100,97.33
567,1,0,0,0,1,0,0,0,0,1,0,1,61,71,78,70.0
568,0,0,1,0,0,1,0,0,0,0,0,0,63,48,47,52.67
569,0,0,0,0,1,0,0,0,1,0,0,0,68,68,67,67.67
570,0,0,1,0,0,0,1,0,0,0,1,1,71,75,70,72.0
571,0,1,0,0,0,0,0,0,1,0,1,0,91,96,92,93.0
572,1,0,0,1,0,0,1,0,0,0,1,0,53,62,56,57.0
573,1,0,0,1,0,1,0,0,0,0,0,1,50,66,64,60.0
574,1,0,0,0,0,1,0,0,0,0,1,0,74,81,71,75.33
575,0,1,0,0,0,0,0,1,0,0,0,1,40,55,53,49.33
576,0,1,0,0,0,0,1,0,0,0,1,1,61,51,52,54.67
577,1,0,1,0,0,1,0,0,0,0,1,0,81,91,89,87.0
578,1,0,1,0,0,0,1,0,0,0,0,1,48,56,58,54.0
579,1,0,0,0,1,0,0,0,0,1,1,0,53,61,68,60.67
580,1,0,0,0,1,0,0,0,0,0,1,0,81,97,96,91.33
581,1,0,0,0,0,0,0,0,0,0,1,0,77,79,80,78.67
582,1,0,0,0,1,0,0,0,1,0,0,0,63,73,78,71.33
583,1,0,0,0,1,0,0,1,0,0,1,1,73,75,80,76.0
584,1,0,0,0,1,0,1,0,0,0,1,0,69,77,77,74.33
585,1,0,0,1,0,0,0,1,0,0,1,0,65,76,76,72.33
586,1,1,0,0,0,1,0,0,0,0,1,0,55,73,73,67.0
587,1,0,0,1,0,0,0,0,1,0,0,0,44,63,62,56.33
588,1,0,0,1,0,0,1,0,0,0,1,0,54,64,65,61.0
589,1,1,0,0,0,0,0,0,0,0,1,0,48,66,65,59.67
590,0,0,0,1,0,0,1,0,0,0,0,0,58,57,54,56.33
591,0,1,0,0,0,0,0,0,0,0,1,0,71,62,50,61.0
592,0,0,0,0,0,0,0,0,1,0,1,0,68,68,64,66.67
593,1,0,0,0,0,1,0,0,0,0,1,0,74,76,73,74.33
594,1,0,0,1,0,0,0,0,1,0,1,1,92,100,99,97.0
595,1,0,0,1,0,0,0,0,1,0,1,1,56,79,72,69.0
596,0,0,1,0,0,1,0,0,0,0,0,0,30,24,15,23.0
597,0,1,0,0,0,0,0,0,0,0,1,0,53,54,48,51.67
598,1,0,0,0,1,1,0,0,0,0,1,0,69,77,73,73.0
599,1,0,0,0,1,0,0,0,0,0,1,0,65,82,81,76.0
600,1,0,0,0,1,0,0,0,0,1,1,0,54,60,63,59.0
601,1,0,0,1,0,1,0,0,0,0,1,0,29,29,30,29.33
602,1,0,0,0,0,0,1,0,0,0,1,0,76,78,80,78.0
603,0,0,0,0,1,1,0,0,0,0,0,0,60,57,51,56.0
604,0,0,0,0,1,0,0,0,0,1,0,1,84,89,90,87.67
605,0,0,0,1,0,0,0,0,0,0,1,0,75,72,62,69.67
606,1,0,0,1,0,0,0,1,0,0,1,0,85,84,82,83.67
607,1,0,0,1,0,0,0,0,0,1,0,0,40,58,54,50.67
608,1,0,0,0,0,0,1,0,0,0,1,0,61,64,62,62.33
609,1,0,1,0,0,0,0,1,0,0,1,0,58,63,65,62.0
610,0,0,0,0,1,0,1,0,0,0,0,1,69,60,63,64.0
611,1,0,0,1,0,0,1,0,0,0,1,0,58,59,66,61.0
612,0,0,0,1,0,0,0,0,1,0,1,1,94,90,91,91.67
613,1,0,0,1,0,0,0,1,0,0,1,0,65,77,74,72.0
614,1,1,0,0,0,0,0,1,0,0,1,0,82,93,93,89.33
615,1,0,0,1,0,1,0,0,0,0,1,0,60,68,72,66.67
616,1,0,0,0,0,0,0,0,1,0,1,0,37,45,38,40.0
617,0,0,0,0,1,0,0,0,1,0,1,0,88,78,83,83.0
618,0,0,0,0,1,0,0,0,0,1,1,0,95,81,84,86.67
619,0,0,0,1,0,0,0,1,0,0,0,1,65,73,68,68.67
620,1,0,0,1,0,1,0,0,0,0,0,0,35,61,54,50.0
621,0,0,1,0,0,0,0,0,1,0,0,0,62,63,56,60.33
622,0,0,0,1,0,1,0,0,0,0,0,1,58,51,52,53.67
623,0,1,0,0,0,0,1,0,0,0,1,1,100,96,86,94.0
624,1,0,0,0,0,0,0,0,1,0,0,0,61,58,62,60.33
625,0,0,0,0,1,0,1,0,0,0,1,1,100,97,99,98.67
626,0,0,1,0,0,0,0,1,0,0,0,1,69,70,63,67.33
627,0,0,0,0,1,0,0,1,0,0,1,0,61,48,46,51.67
628,0,0,0,0,1,0,1,0,0,0,0,0,49,57,46,50.67
629,1,0,0,1,0,0,0,0,0,0,1,1,44,51,55,50.0
630,0,0,0,0,1,0,1,0,0,0,1,0,67,64,70,67.0
631,0,0,1,0,0,1,0,0,0,0,1,0,79,60,65,68.0
632,1,0,1,0,0,0,0,0,1,0,1,1,66,74,81,73.67
633,1,0,0,1,0,1,0,0,0,0,1,0,75,88,85,82.67
634,0,0,0,0,1,0,0,0,0,0,1,0,84,84,80,82.67
635,0,1,0,0,0,1,0,0,0,0,1,0,71,74,64,69.67
636,1,0,1,0,0,1,0,0,0,0,0,1,67,80,81,76.0
637,1,0,0,0,1,0,0,0,0,0,1,1,80,92,88,86.67
638,0,0,0,0,0,0,1,0,0,0,1,0,86,76,74,78.67
639,1,0,0,0,1,0,0,1,0,0,1,0,76,74,73,74.33
640,0,0,0,0,1,1,0,0,0,0,1,0,41,52,51,48.0
641,1,0,0,0,1,0,0,1,0,0,0,1,74,88,90,84.0
642,1,0,1,0,0,0,0,0,0,0,0,0,72,81,79,77.33
643,1,0,0,0,0,1,0,0,0,0,1,1,74,79,80,77.67
644,0,0,1,0,0,1,0,0,0,0,1,0,70,65,60,65.0
645,1,0,1,0,0,0,0,0,1,0,1,1,65,81,81,75.67
646,1,0,0,0,1,0,0,1,0,0,1,0,59,70,65,64.67
647,1,0,0,0,0,1,0,0,0,0,0,0,64,62,68,64.67
648,1,0,1,0,0,1,0,0,0,0,1,0,50,53,55,52.67
649,1,0,0,0,1,0,1,0,0,0,1,1,69,79,81,76.33
650,0,0,0,1,0,0,0,0,0,0,0,1,51,56,53,53.33
651,1,1,0,0,0,1,0,0,0,0,1,1,68,80,76,74.67
652,1,0,0,0,1,0,1,0,0,0,1,1,85,86,98,89.67
653,1,1,0,0,0,0,0,1,0,0,1,1,65,70,74,69.67
654,1,0,1,0,0,0,0,0,0,0,1,0,73,79,79,77.0
655,1,0,1,0,0,0,1,0,0,0,1,0,62,67,67,65.33
656,0,0,0,1,0,0,0,1,0,0,0,0,77,67,64,69.33
657,0,0,0,0,1,0,0,0,0,0,1,0,69,66,61,65.33
658,1,0,0,0,1,0,0,1,0,0,0,0,43,60,58,53.67
659,0,0,0,0,1,0,0,1,0,0,1,0,90,87,85,87.33
660,0,0,0,1,0,0,1,0,0,0,0,0,74,77,73,74.67
661,0,0,0,1,0,0,0,0,0,0,1,0,73,66,63,67.33
662,1,0,0,0,1,0,1,0,0,0,0,0,55,71,69,65.0
663,1,0,0,1,0,1,0,0,0,0,1,0,65,69,67,67.0
664,0,0,0,0,1,0,0,1,0,0,1,0,80,63,63,68.67
665,1,0,0,1,0,0,0,0,0,0,0,1,50,60,60,56.67
666,1,0,0,1,0,0,1,0,0,0,0,1,63,73,71,69.0
667,1,0,1,0,0,0,0,0,1,0,0,0,77,85,87,83.0
668,0,0,0,1,0,0,1,0,0,0,1,0,73,74,61,69.33
669,0,0,0,0,1,0,0,1,0,0,1,1,81,72,77,76.67
670,1,0,0,1,0,1,0,0,0,0,0,0,66,76,68,70.0
671,0,0,0,0,1,0,0,1,0,0,0,0,52,57,50,53.0
672,1,0,0,1,0,0,1,0,0,0,1,0,69,78,76,74.33
673,1,0,0,1,0,0,0,1,0,0,1,1,65,84,84,77.67
674,1,0,0,0,1,1,0,0,0,0,1,1,69,77,78,74.67
675,1,0,1,0,0,0,1,0,0,0,1,1,50,64,66,60.0
676,1,0,0,0,0,0,1,0,0,0,1,1,73,78,76,75.67
677,1,0,0,1,0,0,0,0,0,0,1,1,70,82,76,76.0
678,0,0,0,0,1,0,0,1,0,0,0,0,81,75,78,78.0
679,0,0,0,0,1,0,1,0,0,0,0,0,63,61,60,61.33
680,1,0,0,0,1,1,0,0,0,0,1,0,67,72,74,71.0
681,0,0,1,0,0,1,0,0,0,0,1,0,60,68,60,62.67
682,0,0,1,0,0,1,0,0,0,0,1,0,62,55,54,57.0
683,1,0,0,1,0,0,0,0,0,0,0,1,29,40,44,37.67
684,0,0,1,0,0,0,1,0,0,0,1,1,62,66,68,65.33
685,1,0,0,0,0,0,0,0,0,1,1,1,94,99,100,97.67
686,0,0,0,0,0,0,1,0,0,0,1,1,85,75,68,76.0
687,0,0,0,0,1,0,0,1,0,0,0,0,77,78,73,76.0
688,0,1,0,0,0,1,0,0,0,0,0,0,53,58,44,51.67
689,0,0,0,0,0,0,1,0,0,0,0,0,93,90,83,88.67
690,1,0,0,1,0,0,0,1,0,0,1,0,49,53,53,51.67
691,1,0,0,0,0,0,0,1,0,0,0,0,73,76,78,75.67
692,1,0,0,1,0,0,0,0,1,0,0,1,66,74,81,73.67
693,1,0,0,0,1,0,0,1,0,0,1,0,77,77,73,75.67
694,1,0,0,1,0,0,0,0,0,0,1,0,49,63,56,56.0
695,1,0,0,0,1,0,1,0,0,0,0,0,79,89,86,84.67
696,1,0,0,1,0,0,0,1,0,0,1,1,75,82,90,82.33
697,1,1,0,0,0,0,0,0,1,0,1,0,59,72,70,67.0
698,1,0,0,0,1,0,0,1,0,0,1,1,57,78,79,71.33
699,0,0,0,1,0,1,0,0,0,0,0,0,66,66,59,63.67
700,1,0,0,0,0,0,0,0,1,0,1,1,79,81,82,80.67
701,1,0,1,0,0,0,0,0,0,0,1,0,57,67,72,65.33
702,0,1,0,0,0,0,0,0,1,0,1,1,87,84,87,86.0
703,1,0,0,0,1,0,1,0,0,0,1,0,63,64,67,64.67
704,1,0,1,0,0,0,0,0,0,0,0,1,59,63,64,62.0
705,0,1,0,0,0,0,0,0,1,0,0,0,62,72,65,66.33
706,0,0,0,0,1,1,0,0,0,0,1,0,46,34,36,38.67
707,0,0,0,1,0,0,1,0,0,0,1,0,66,59,52,59.0
708,0,0,0,0,1,1,0,0,0,0,1,0,89,87,79,85.0
709,1,0,0,0,1,0,0,1,0,0,0,1,42,61,58,53.67
710,0,0,0,1,0,0,1,0,0,0,1,1,93,84,90,89.0
711,1,0,0,0,0,0,0,0,0,0,1,1,80,85,85,83.33
712,1,0,0,0,1,0,1,0,0,0,1,0,98,100,99,99.0
713,0,0,0,0,1,0,0,0,0,1,1,0,81,81,84,82.0
714,1,0,1,0,0,0,0,0,0,0,1,1,60,70,74,68.0
715,1,0,1,0,0,0,0,1,0,0,0,1,76,94,87,85.67
716,0,0,0,1,0,0,0,1,0,0,1,1,73,78,72,74.33
717,1,0,0,1,0,0,0,1,0,0,1,1,96,96,99,97.0
718,1,0,0,1,0,1,0,0,0,0,1,0,76,76,74,75.33
719,0,0,0,0,0,0,0,1,0,0,0,1,91,73,80,81.33
720,1,0,0,1,0,0,1,0,0,0,0,0,62,72,70,68.0
721,0,0,0,0,1,0,0,0,0,0,0,1,55,59,59,57.67
722,1,0,1,0,0,0,0,0,0,0,0,1,74,90,88,84.0
723,0,0,0,1,0,1,0,0,0,0,1,0,50,48,42,46.67
724,0,0,1,0,0,0,1,0,0,0,1,0,47,43,41,43.67
725,0,0,0,0,0,0,1,0,0,0,1,1,81,74,71,75.33
726,1,0,0,0,0,0,0,1,0,0,1,1,65,75,77,72.33
727,0,0,0,0,0,0,0,0,0,0,1,1,68,51,57,58.67
728,1,0,0,0,1,1,0,0,0,0,0,0,73,92,84,83.0
729,0,0,0,1,0,0,1,0,0,0,1,0,53,39,37,43.0
730,1,0,1,0,0,0,0,1,0,0,0,1,68,77,80,75.0
731,0,1,0,0,0,0,0,0,0,0,0,0,55,46,43,48.0
732,1,0,0,1,0,0,1,0,0,0,1,1,87,89,94,90.0
733,0,0,0,0,1,0,0,0,0,0,1,0,55,47,44,48.67
734,1,0,0,0,0,0,1,0,0,0,0,0,53,58,57,56.0
735,0,0,0,1,0,0,0,0,0,1,1,0,67,57,59,61.0
736,0,0,0,1,0,0,0,1,0,0,1,0,92,79,84,85.0
737,1,0,1,0,0,0,1,0,0,0,0,1,53,66,73,64.0
738,0,0,0,0,1,0,0,1,0,0,1,0,81,71,73,75.0
739,0,0,0,1,0,1,0,0,0,0,0,0,61,60,55,58.67
740,0,0,0,0,1,0,0,0,1,0,1,0,80,73,72,75.0
741,1,1,0,0,0,0,0,1,0,0,0,0,37,57,56,50.0
742,1,0,0,1,0,1,0,0,0,0,1,0,81,84,82,82.33
743,1,0,0,1,0,0,0,1,0,0,1,1,59,73,72,68.0
744,0,0,1,0,0,0,1,0,0,0,0,0,55,55,47,52.33
745,0,0,0,0,1,0,0,1,0,0,1,0,72,79,74,75.0
746,0,0,0,0,1,1,0,0,0,0,1,0,69,75,71,71.67
747,0,0,0,1,0,0,1,0,0,0,1,0,69,64,68,67.0
748,1,0,0,1,0,0,0,0,1,0,0,0,50,60,59,56.33
749,0,0,1,0,0,0,1,0,0,0,1,1,87,84,86,85.67
750,0,0,0,0,1,0,0,0,0,0,1,1,71,69,68,69.33
751,0,0,0,0,0,0,1,0,0,0,1,0,68,72,65,68.33
752,0,0,0,1,0,0,0,0,0,1,0,1,79,77,75,77.0
753,1,0,0,1,0,0,0,0,0,0,1,1,77,90,85,84.0
754,0,0,0,1,0,0,0,1,0,0,0,0,58,55,53,55.33
755,1,0,0,0,0,0,0,1,0,0,1,0,84,95,92,90.33
756,0,0,0,0,1,0,1,0,0,0,1,0,55,58,52,55.0
757,0,0,0,0,0,0,0,0,1,0,0,1,70,68,72,70.0
758,1,0,0,0,1,0,1,0,0,0,0,1,52,59,65,58.67
759,0,0,1,0,0,0,1,0,0,0,1,1,69,77,77,74.33
760,1,0,0,1,0,1,0,0,0,0,0,0,53,72,64,63.0
761,1,0,0,0,1,0,0,0,0,0,1,0,48,58,54,53.33
762,0,0,0,0,1,0,0,0,0,0,1,1,78,81,86,81.67
763,1,0,1,0,0,1,0,0,0,0,1,0,62,62,63,62.33
764,0,0,0,0,1,0,1,0,0,0,1,0,60,63,59,60.67
765,1,0,1,0,0,1,0,0,0,0,1,0,74,72,72,72.67
766,1,0,0,1,0,1,0,0,0,0,1,1,58,75,77,70.0
767,0,0,1,0,0,1,0,0,0,0,1,1,76,62,60,66.0
768,1,0,0,0,1,0,0,0,0,0,1,0,68,71,75,71.33
769,0,1,0,0,0,0,1,0,0,0,0,0,58,60,57,58.33
770,0,0,1,0,0,1,0,0,0,0,1,0,52,48,49,49.67
771,0,0,0,0,1,0,0,0,1,0,1,0,75,73,74,74.0
772,1,0,1,0,0,0,0,0,0,0,0,1,52,67,72,63.67
773,1,0,0,1,0,0,0,0,1,0,0,0,62,78,79,73.0
774,0,0,1,0,0,0,1,0,0,0,1,0,66,65,60,63.67
775,1,0,1,0,0,0,0,0,0,0,0,0,49,58,55,54.0
776,1,0,1,0,0,1,0,0,0,0,1,0,66,72,70,69.33
777,1,0,0,1,0,0,1,0,0,0,0,0,35,44,43,40.67
778,1,1,0,0,0,0,1,0,0,0,1,1,72,79,82,77.67
779,0,0,0,0,0,0,0,1,0,0,1,1,94,85,82,87.0
780,1,0,0,0,1,0,0,1,0,0,0,0,46,56,57,53.0
781,1,0,1,0,0,0,0,0,0,1,1,0,77,90,84,83.67
782,1,0,1,0,0,1,0,0,0,0,0,1,76,85,82,81.0
783,1,0,0,1,0,0,0,1,0,0,1,1,52,59,62,57.67
784,0,0,0,1,0,0,0,0,1,0,1,1,91,81,79,83.67
785,1,0,1,0,0,0,0,0,0,0,1,1,32,51,44,42.33
786,1,0,0,0,0,0,0,0,0,0,0,0,72,79,77,76.0
787,1,0,1,0,0,0,1,0,0,0,1,0,19,38,32,29.67
788,0,0,0,1,0,0,0,1,0,0,0,0,68,65,61,64.67
789,1,0,0,1,0,0,0,0,0,1,0,0,52,65,61,59.33
790,1,0,1,0,0,1,0,0,0,0,1,0,48,62,60,56.67
791,1,0,0,0,1,0,1,0,0,0,0,0,60,66,70,65.33
792,0,0,0,0,1,1,0,0,0,0,0,0,66,74,69,69.67
793,0,0,0,0,0,0,0,0,0,0,1,1,89,84,77,83.33
794,1,0,1,0,0,1,0,0,0,0,1,0,42,52,51,48.33
795,1,0,0,0,0,0,0,1,0,0,0,1,57,68,73,66.0
796,0,0,0,0,1,1,0,0,0,0,1,0,70,70,70,70.0
797,1,0,0,0,0,0,0,1,0,0,0,0,70,84,81,78.33
798,0,0,0,0,0,0,1,0,0,0,1,0,69,60,54,61.0
799,1,0,0,1,0,0,0,1,0,0,1,0,52,55,57,54.67
800,0,0,0,1,0,0,0,0,0,0,1,1,67,73,68,69.33
801,0,0,0,1,0,0,0,0,0,0,1,1,76,80,73,76.33
802,1,0,0,0,0,0,0,1,0,0,1,0,87,94,95,92.0
803,1,0,1,0,0,0,1,0,0,0,1,0,82,85,87,84.67
804,1,0,0,1,0,0,1,0,0,0,1,0,73,76,78,75.67
805,0,1,0,0,0,0,1,0,0,0,0,0,75,81,74,76.67
806,1,0,0,0,1,0,1,0,0,0,0,0,64,74,75,71.0
807,1,0,0,0,0,1,0,0,0,0,0,0,41,45,40,42.0
808,0,0,0,1,0,1,0,0,0,0,1,0,90,75,69,78.0
809,0,0,1,0,0,0,0,0,1,0,1,0,59,54,51,54.67
810,0,1,0,0,0,0,0,0,0,0,1,0,51,31,36,39.33
811,0,1,0,0,0,1,0,0,0,0,0,0,45,47,49,47.0
812,1,0,0,1,0,0,0,0,0,1,1,1,54,64,67,61.67
813,0,0,0,0,0,0,0,0,0,0,1,1,87,84,76,82.33
814,1,0,0,1,0,1,0,0,0,0,1,0,72,80,83,78.33
815,0,0,1,0,0,0,0,0,0,0,1,1,94,86,87,89.0
816,1,1,0,0,0,0,0,0,1,0,1,0,45,59,64,56.0
817,0,0,0,0,1,0,0,0,1,0,0,1,61,70,76,69.0
818,1,0,1,0,0,1,0,0,0,0,0,0,60,72,68,66.67
819,1,0,0,1,0,0,0,0,0,0,1,0,77,91,88,85.33
820,1,1,0,0,0,0,0,0,0,0,1,1,85,90,92,89.0
821,1,0,0,0,1,0,0,0,1,0,0,0,78,90,93,87.0
822,0,0,0,0,0,0,1,0,0,0,0,1,49,52,51,50.67
823,1,0,1,0,0,1,0,0,0,0,0,0,71,87,82,80.0
824,1,0,0,1,0,0,0,0,0,0,0,0,48,58,52,52.67
825,0,0,0,1,0,1,0,0,0,0,1,0,62,67,58,62.33
826,1,0,0,1,0,0,0,1,0,0,0,1,56,68,70,64.67
827,1,0,0,1,0,0,0,0,0,0,1,0,65,69,76,70.0
828,1,0,0,0,1,0,0,0,0,0,0,1,69,86,81,78.67
829,0,0,1,0,0,0,0,0,0,0,1,0,68,54,53,58.33
830,1,1,0,0,0,0,1,0,0,0,0,0,61,60,57,59.33
831,1,0,0,1,0,0,0,0,1,0,0,1,74,86,89,83.0
832,0,1,0,0,0,0,0,0,1,0,1,0,64,60,58,60.67
833,1,0,1,0,0,1,0,0,0,0,1,1,77,82,89,82.67
834,0,0,1,0,0,0,1,0,0,0,1,0,58,50,45,51.0
835,1,0,0,1,0,1,0,0,0,0,1,1,60,64,74,66.0
836,0,0,0,0,0,1,0,0,0,0,1,0,73,64,57,64.67
837,1,1,0,0,0,1,0,0,0,0,1,1,75,82,79,78.67
838,0,0,1,0,0,0,0,1,0,0,0,1,58,57,53,56.0
839,1,0,0,1,0,0,0,1,0,0,1,0,66,77,73,72.0
840,1,0,0,0,1,1,0,0,0,0,0,0,39,52,46,45.67
841,0,0,0,1,0,0,0,0,0,0,1,0,64,58,51,57.67
842,1,0,1,0,0,1,0,0,0,0,0,1,23,44,36,34.33
843,0,0,1,0,0,0,1,0,0,0,0,1,74,77,76,75.67
844,1,0,0,0,1,0,0,0,0,0,0,1,40,65,64,56.33
845,0,0,0,0,0,0,0,0,0,1,1,0,90,85,84,86.33
846,0,0,0,1,0,0,0,0,0,1,1,1,91,85,85,87.0
847,0,0,0,0,1,1,0,0,0,0,1,0,64,54,50,56.0
848,1,0,0,1,0,1,0,0,0,0,1,0,59,72,68,66.33
849,0,0,0,0,1,0,0,1,0,0,1,0,80,75,69,74.67
850,0,0,0,1,0,0,0,0,0,1,1,0,71,67,67,68.33
851,1,1,0,0,0,1,0,0,0,0,1,0,61,68,63,64.0
852,1,0,0,0,0,0,1,0,0,0,1,0,87,85,93,88.33
853,0,0,0,0,0,0,0,0,0,0,1,0,82,67,61,70.0
854,0,0,0,1,0,0,0,0,0,0,1,0,62,64,55,60.33
855,1,0,1,0,0,0,0,0,1,0,1,0,97,97,96,96.67
856,0,0,1,0,0,0,1,0,0,0,0,0,75,68,65,69.33
857,1,0,0,1,0,0,0,0,1,0,1,0,65,79,81,75.0
858,0,0,1,0,0,1,0,0,0,0,1,1,52,49,46,49.0
859,0,0,0,1,0,0,0,1,0,0,0,0,87,73,72,77.33
860,1,0,0,1,0,0,0,1,0,0,1,0,53,62,53,56.0
861,1,0,0,0,0,0,0,0,0,1,0,0,81,86,87,84.67
862,0,0,0,0,1,0,0,0,1,0,0,1,39,42,38,39.67
863,1,0,0,1,0,0,1,0,0,0,1,1,71,71,80,74.0
864,0,0,0,1,0,0,0,1,0,0,1,0,97,93,91,93.67
865,0,0,0,0,1,0,1,0,0,0,1,1,82,82,88,84.0
866,0,0,0,1,0,1,0,0,0,0,0,0,59,53,52,54.67
867,0,0,1,0,0,0,0,1,0,0,1,0,61,42,41,48.0
868,0,0,0,0,0,0,0,1,0,0,0,1,78,74,72,74.67
869,0,0,0,1,0,0,0,1,0,0,0,0,49,51,51,50.33
870,0,0,1,0,0,1,0,0,0,0,1,0,59,58,47,54.67
871,1,0,0,1,0,0,1,0,0,0,1,1,70,72,76,72.67
872,0,0,1,0,0,0,0,1,0,0,1,1,82,84,78,81.33
873,0,0,0,0,0,0,0,1,0,0,0,0,90,90,82,87.33
874,1,0,0,1,0,0,0,0,1,0,0,0,43,62,61,55.33
875,0,0,0,1,0,0,1,0,0,0,0,0,80,64,66,70.0
876,0,0,0,0,1,0,1,0,0,0,1,0,81,82,84,82.33
877,0,0,0,1,0,0,0,0,0,0,1,0,57,61,54,57.33
878,1,0,0,0,1,0,0,0,0,0,1,0,59,72,80,70.33
879,1,0,0,0,1,0,0,1,0,0,1,0,64,76,74,71.33
880,0,0,0,1,0,0,0,0,1,0,1,1,63,64,66,64.33
881,1,0,0,0,0,0,0,0,1,0,1,1,71,70,70,70.33
882,1,0,1,0,0,1,0,0,0,0,0,0,64,73,71,69.33
883,0,0,0,0,1,0,0,0,1,0,0,0,55,46,44,48.33
884,1,0,0,0,0,0,0,1,0,0,1,0,51,51,54,52.0
885,1,0,0,1,0,0,0,1,0,0,1,1,62,76,80,72.67
886,1,0,0,0,0,0,0,1,0,0,1,1,93,100,95,96.0
887,0,0,0,1,0,1,0,0,0,0,0,0,54,72,59,61.67
888,1,0,0,0,1,0,1,0,0,0,0,0,69,65,74,69.33
889,0,0,0,0,1,1,0,0,0,0,0,0,44,51,48,47.67
890,1,0,0,0,0,0,1,0,0,0,1,1,86,85,91,87.33
891,1,0,0,0,0,0,0,1,0,0,1,0,85,92,85,87.33
892,1,1,0,0,0,0,0,0,0,1,0,0,50,67,73,63.33
893,0,0,0,0,1,0,0,0,0,0,1,1,88,74,75,79.0
894,1,0,0,0,0,0,0,1,0,0,1,0,59,62,69,63.33
895,1,0,0,0,0,0,0,0,0,0,0,0,32,34,38,34.67
896,0,0,1,0,0,1,0,0,0,0,0,0,36,29,27,30.67
897,1,0,1,0,0,0,0,0,0,0,0,1,63,78,79,73.33
898,0,0,0,0,1,0,0,1,0,0,1,1,67,54,63,61.33
899,1,0,0,0,1,0,0,0,0,0,1,1,65,78,82,75.0
900,0,0,0,0,1,0,0,0,0,1,1,0,85,84,89,86.0
901,1,0,0,1,0,0,0,0,0,1,1,0,73,78,74,75.0
902,1,1,0,0,0,1,0,0,0,0,0,1,34,48,41,41.0
903,1,0,0,0,1,0,0,0,1,0,0,1,93,100,100,97.67
904,1,0,0,0,1,0,0,0,0,0,0,0,67,84,84,78.33
905,0,0,0,0,1,0,1,0,0,0,1,0,88,77,77,80.67
906,0,0,1,0,0,1,0,0,0,0,1,0,57,48,51,52.0
907,1,0,0,0,1,0,1,0,0,0,1,1,79,84,91,84.67
908,1,0,0,1,0,0,0,0,1,0,0,0,67,75,72,71.33
909,0,0,0,0,0,0,0,0,1,0,1,1,70,64,70,68.0
910,0,0,0,0,1,0,0,0,1,0,0,0,50,42,48,46.67
911,1,1,0,0,0,0,1,0,0,0,1,0,69,84,82,78.33
912,1,0,0,1,0,0,0,0,1,0,1,1,52,61,66,59.67
913,1,0,0,1,0,0,0,0,1,0,0,1,47,62,66,58.33
914,1,0,1,0,0,0,0,1,0,0,0,0,46,61,55,54.0
915,1,0,0,0,0,0,1,0,0,0,1,0,68,70,66,68.0
916,0,0,0,0,0,0,0,0,1,0,1,1,100,100,100,100.0
917,1,0,0,1,0,1,0,0,0,0,1,0,44,61,52,52.33
918,1,0,0,1,0,0,0,1,0,0,1,1,57,77,80,71.33
919,0,0,1,0,0,0,1,0,0,0,1,1,91,96,91,92.67
920,0,0,0,0,1,1,0,0,0,0,0,0,69,70,67,68.67
921,1,0,0,1,0,1,0,0,0,0,0,0,35,53,46,44.67
922,0,0,0,0,1,1,0,0,0,0,1,0,72,66,66,68.0
923,1,0,1,0,0,0,0,1,0,0,0,0,54,65,65,61.33
924,0,0,0,0,1,1,0,0,0,0,0,0,74,70,69,71.0
925,0,0,0,0,0,0,0,0,0,0,1,1,74,64,60,66.0
926,0,0,0,0,0,0,0,1,0,0,0,0,64,56,52,57.33
927,1,0,0,0,1,1,0,0,0,0,0,1,65,61,71,65.67
928,0,0,0,0,0,0,0,1,0,0,0,1,46,43,44,44.33
929,1,0,0,1,0,0,0,0,0,0,0,0,48,56,51,51.67
930,0,0,0,1,0,0,1,0,0,0,0,1,67,74,70,70.33
931,0,0,0,0,1,0,1,0,0,0,0,0,62,57,62,60.33
932,0,0,0,0,1,0,0,1,0,0,0,1,61,71,73,68.33
933,0,0,0,1,0,0,0,0,1,0,0,1,70,75,74,73.0
934,0,0,0,1,0,0,0,1,0,0,1,1,98,87,90,91.67
935,0,0,0,0,1,0,1,0,0,0,0,0,70,63,58,63.67
936,0,1,0,0,0,0,0,1,0,0,1,0,67,57,53,59.0
937,1,0,0,0,0,1,0,0,0,0,0,0,57,58,57,57.33
938,0,0,0,0,1,0,1,0,0,0,1,1,85,81,85,83.67
939,0,0,0,0,1,0,0,0,0,0,1,1,77,68,69,71.33
940,0,0,0,1,0,0,0,0,0,1,0,1,72,66,72,70.0
941,1,0,0,0,1,0,0,0,0,1,1,0,78,91,96,88.33
942,0,0,0,1,0,1,0,0,0,0,1,0,81,66,64,70.33
943,0,1,0,0,0,0,0,0,0,0,0,1,61,62,61,61.33
944,1,0,1,0,0,1,0,0,0,0,1,0,58,68,61,62.33
945,1,0,0,1,0,0,0,1,0,0,1,0,54,61,58,57.67
946,0,0,1,0,0,1,0,0,0,0,1,0,82,82,80,81.33
947,1,0,0,0,1,0,1,0,0,0,0,0,49,58,60,55.67
948,0,0,1,0,0,0,0,0,0,0,0,1,49,50,52,50.33
949,1,0,0,0,0,1,0,0,0,0,0,1,57,75,73,68.33
950,0,0,0,0,0,1,0,0,0,0,1,0,94,73,71,79.33
951,1,0,0,0,1,0,1,0,0,0,1,1,75,77,83,78.33
952,1,0,0,0,0,0,0,0,0,0,0,0,74,74,72,73.33
953,0,0,0,1,0,1,0,0,0,0,1,1,58,52,54,54.67
954,1,0,0,1,0,0,1,0,0,0,1,0,62,69,69,66.67
955,0,0,0,0,0,0,0,1,0,0,1,0,72,57,62,63.67
956,0,0,0,1,0,0,1,0,0,0,1,0,84,87,81,84.0
957,1,0,0,0,1,0,0,0,0,1,1,0,92,100,100,97.33
958,1,0,0,0,1,1,0,0,0,0,1,0,45,63,59,55.67
959,0,0,0,1,0,1,0,0,0,0,1,0,75,81,71,75.67
960,1,1,0,0,0,0,1,0,0,0,1,0,56,58,64,59.33
961,1,0,0,0,1,0,0,0,0,0,0,0,48,54,53,51.67
962,1,0,0,0,0,0,0,1,0,0,1,0,100,100,100,100.0
963,1,0,0,1,0,0,0,0,0,0,0,1,65,76,75,72.0
964,0,0,0,0,1,0,1,0,0,0,1,0,72,57,58,62.33
965,1,0,0,0,1,0,1,0,0,0,1,0,62,70,72,68.0
966,0,1,0,0,0,0,0,0,0,0,1,1,66,68,64,66.0
967,0,0,0,1,0,0,1,0,0,0,1,0,63,63,60,62.0
968,1,0,0,0,0,0,0,1,0,0,1,0,68,76,67,70.33
969,1,0,1,0,0,0,0,0,1,0,1,0,75,84,80,79.67
970,1,0,0,0,1,0,0,0,1,0,1,0,89,100,100,96.33
971,0,0,0,1,0,0,0,0,0,0,1,1,78,72,69,73.0
972,1,1,0,0,0,1,0,0,0,0,0,1,53,50,60,54.33
973,1,0,0,0,1,0,1,0,0,0,0,0,49,65,61,58.33
974,1,1,0,0,0,0,1,0,0,0,1,0,54,63,67,61.33
975,1,0,0,1,0,0,1,0,0,0,1,1,64,82,77,74.33
976,0,0,1,0,0,0,1,0,0,0,0,1,60,62,60,60.67
977,0,0,0,1,0,0,0,1,0,0,1,0,62,65,58,61.67
978,0,0,0,0,1,1,0,0,0,0,1,1,55,41,48,48.0
979,1,0,0,1,0,0,0,1,0,0,1,0,91,95,94,93.33
980,1,0,1,0,0,1,0,0,0,0,0,0,8,24,23,18.33
981,0,0,0,0,1,0,0,0,0,0,1,0,81,78,78,79.0
982,0,0,1,0,0,0,0,0,0,0,1,1,79,85,86,83.33
983,1,1,0,0,0,0,1,0,0,0,1,1,78,87,91,85.33
984,1,0,0,1,0,0,0,0,0,0,1,0,74,75,82,77.0
985,0,1,0,0,0,1,0,0,0,0,1,0,57,51,54,54.0
986,1,0,0,1,0,0,0,1,0,0,1,0,40,59,51,50.0
987,0,0,0,0,0,0,0,0,0,0,1,1,81,75,76,77.33
988,1,1,0,0,0,0,0,0,0,0,0,0,44,45,45,44.67
989,1,0,0,0,1,0,1,0,0,0,0,1,67,86,83,78.67
990,0,0,0,0,0,1,0,0,0,0,0,1,86,81,75,80.67
991,1,0,1,0,0,0,0,0,0,0,1,1,65,82,78,75.0
992,1,0,0,0,1,0,0,1,0,0,0,0,55,76,76,69.0
993,1,0,0,0,1,0,0,0,1,0,0,0,62,72,74,69.33
994,0,1,0,0,0,1,0,0,0,0,1,0,63,63,62,62.67
995,1,0,0,0,0,0,0,0,0,1,1,1,88,99,95,94.0
996,0,0,0,1,0,1,0,0,0,0,0,0,62,55,55,57.33
997,1,0,0,1,0,1,0,0,0,0,0,1,59,71,65,65.0
998,1,0,0,0,1,0,1,0,0,0,1,1,68,78,77,74.33
999,1,0,0,0,1,0,1,0,0,0,0,0,77,86,86,83.0
